"2015","Aaron Brooks"
"2015","Aaron Gordon"
"2015","Adreian Payne"
"2015","Al Horford"
"2015","Al Jefferson"
"2015","Al-Farouq Aminu"
"2015","Alec Burks"
"2015","Alex Len"
"2015","Alexis Ajinca"
"2015","Allen Crabbe"
"2015","Alonzo Gee"
"2015","Amar'e Stoudemire"
"2015","Amir Johnson"
"2015","Anderson Varejao"
"2015","Andre Drummond"
"2015","Andre Iguodala"
"2015","Andre Miller"
"2015","Andre Roberson"
"2015","Andrea Bargnani"
"2015","Andrew Bogut"
"2015","Andrew Nicholson"
"2015","Andrew Wiggins"
"2015","Anthony Bennett"
"2015","Anthony Brown"
"2015","Anthony Davis"
"2015","Anthony Morrow"
"2015","Anthony Tolliver"
"2015","Archie Goodwin"
"2015","Aron Baynes"
"2015","Arron Afflalo"
"2015","Austin Rivers"
"2015","Avery Bradley"
"2015","Ben McLemore"
"2015","Beno Udrih"
"2015","Bismack Biyombo"
"2015","Blake Griffin"
"2015","Boban Marjanovic"
"2015","Bobby Portis"
"2015","Bojan Bogdanovic"
"2015","Boris Diaw"
"2015","Bradley Beal"
"2015","Brandan Wright"
"2015","Brandon Bass"
"2015","Brandon Knight"
"2015","Brandon Rush"
"2015","Brian Roberts"
"2015","Brook Lopez"
"2015","Bruno Caboclo"
"2015","Cameron Bairstow"
"2015","Cameron Payne"
"2015","Carmelo Anthony"
"2015","Caron Butler"
"2015","Chandler Parsons"
"2015","Channing Frye"
"2015","Charles Hayes"
"2015","Charlie Villanueva"
"2015","Chase Budinger"
"2015","Chris Andersen"
"2015","Chris Bosh"
"2015","Chris Copeland"
"2015","Chris Johnson"
"2015","Chris Kaman"
"2015","Chris Paul"
"2015","Christian Wood"
"2015","CJ McCollum"
"2015","CJ Miles"
"2015","CJ Watson"
"2015","Cleanthony Early"
"2015","Cliff Alexander"
"2015","Clint Capela"
"2015","Cody Zeller"
"2015","Cole Aldrich"
"2015","Corey Brewer"
"2015","Cory Jefferson"
"2015","Cory Joseph"
"2015","Courtney Lee"
"2015","Cristiano Felicio"
"2015","D'Angelo Russell"
"2015","D.J. Augustin"
"2015","Damian Lillard"
"2015","Damien Inglis"
"2015","Damjan Rudez"
"2015","Danilo Gallinari"
"2015","Danny Green"
"2015","Dante Cunningham"
"2015","Darrell Arthur"
"2015","Darren Collison"
"2015","Darrun Hilliard"
"2015","David Lee"
"2015","David West"
"2015","DeAndre Jordan"
"2015","DeJuan Blair"
"2015","Delon Wright"
"2015","DeMar DeRozan"
"2015","DeMarcus Cousins"
"2015","DeMarre Carroll"
"2015","Dennis Schroder"
"2015","Deron Williams"
"2015","Derrick Favors"
"2015","Derrick Rose"
"2015","Derrick Williams"
"2015","Devin Booker"
"2015","Devin Harris"
"2015","Devyn Marble"
"2015","Dewayne Dedmon"
"2015","Dion Waiters"
"2015","Dirk Nowitzki"
"2015","Donald Sloan"
"2015","Doug McDermott"
"2015","Draymond Green"
"2015","Drew Gooden"
"2015","Dwight Howard"
"2015","Dwight Powell"
"2015","Dwyane Wade"
"2015","E'Twaun Moore"
"2015","Ed Davis"
"2015","Elfrid Payton"
"2015","Elijah Millsap"
"2015","Emmanuel Mudiay"
"2015","Enes Kanter"
"2015","Eric Bledsoe"
"2015","Eric Gordon"
"2015","Eric Moreland"
"2015","Erick Green"
"2015","Ersan Ilyasova"
"2015","Evan Fournier"
"2015","Evan Turner"
"2015","Festus Ezeli"
"2015","Frank Kaminsky"
"2015","Garrett Temple"
"2015","Gary Harris"
"2015","Gary Neal"
"2015","George Hill"
"2015","Gerald Green"
"2015","Gerald Henderson"
"2015","Giannis Antetokounmpo"
"2015","Glenn Robinson"
"2015","Goran Dragic"
"2015","Gordon Hayward"
"2015","Gorgui Dieng"
"2015","Greg Monroe"
"2015","Greivis Vasquez"
"2015","Harrison Barnes"
"2015","Hassan Whiteside"
"2015","Hollis Thompson"
"2015","Ian Clark"
"2015","Ian Mahinmi"
"2015","Isaiah Canaan"
"2015","Isaiah Thomas"
"2015","Ish Smith"
"2015","J.R. Smith"
"2015","Jabari Parker"
"2015","Jae Crowder"
"2015","Jahlil Okafor"
"2015","JaKarr Sampson"
"2015","Jamal Crawford"
"2015","Jameer Nelson"
"2015","James Anderson"
"2015","James Ennis"
"2015","James Harden"
"2015","James Johnson"
"2015","James Jones"
"2015","James Michael McAdoo"
"2015","James Young"
"2015","JaMychal Green"
"2015","Jared Cunningham"
"2015","Jared Dudley"
"2015","Jared Sullinger"
"2015","Jarrett Jack"
"2015","Jason Smith"
"2015","Jason Terry"
"2015","Jason Thompson"
"2015","JaVale McGee"
"2015","Jeff Green"
"2015","Jeff Teague"
"2015","Jeff Withey"
"2015","Jerami Grant"
"2015","Jeremy Evans"
"2015","Jeremy Lamb"
"2015","Jeremy Lin"
"2015","Jerian Grant"
"2015","Jerryd Bayless"
"2015","Jimmer Fredette"
"2015","Jimmy Butler"
"2015","JJ Hickson"
"2015","JJ Redick"
"2015","Joakim Noah"
"2015","Jodie Meeks"
"2015","Joe Harris"
"2015","Joe Ingles"
"2015","Joe Johnson"
"2015","Joe Young"
"2015","Joel Anthony"
"2015","Joffrey Lauvergne"
"2015","John Henson"
"2015","John Jenkins"
"2015","John Wall"
"2015","Johnny O'Bryant"
"2015","Jon Leuer"
"2015","Jonas Jerebko"
"2015","Jonas Valanciunas"
"2015","Jonathon Simmons"
"2015","Jordan Adams"
"2015","Jordan Clarkson"
"2015","Jordan Hill"
"2015","Jordan Mickey"
"2015","Jose Calderon"
"2015","Jose Juan Barea"
"2015","Josh McRoberts"
"2015","Josh Richardson"
"2015","Josh Smith"
"2015","Jrue Holiday"
"2015","Julius Randle"
"2015","Justin Anderson"
"2015","Justin Holiday"
"2015","Justise Winslow"
"2015","Karl-Anthony Towns"
"2015","Kawhi Leonard"
"2015","Kelly Olynyk"
"2015","Kelly Oubre"
"2015","Kemba Walker"
"2015","Kendrick Perkins"
"2015","Kenneth Faried"
"2015","Kent Bazemore"
"2015","Kentavious Caldwell-Pope"
"2015","Kevin Durant"
"2015","Kevin Garnett"
"2015","Kevin Love"
"2015","Kevin Martin"
"2015","Kevin Seraphin"
"2015","Khris Middleton"
"2015","Kirk Hinrich"
"2015","KJ McDaniels"
"2015","Klay Thompson"
"2015","Kobe Bryant"
"2015","Kosta Koufos"
"2015","Kostas Papanikolaou"
"2015","Kris Humphries"
"2015","Kristaps Porzingis"
"2015","Kyle Anderson"
"2015","Kyle Korver"
"2015","Kyle Lowry"
"2015","Kyle O'Quinn"
"2015","Kyle Singler"
"2015","Lamar Patterson"
"2015","LaMarcus Aldridge"
"2015","Lance Stephenson"
"2015","Lance Thomas"
"2015","Langston Galloway"
"2015","Larry Nance Jr."
"2015","Lavoy Allen"
"2015","Leandro Barbosa"
"2015","LeBron James"
"2015","Lou Amundson"
"2015","Lou Williams"
"2015","Luc Mbah a Moute"
"2015","Lucas Nogueira"
"2015","Luis Montero"
"2015","Luis Scola"
"2015","Luke Babbitt"
"2015","Luol Deng"
"2015","Manu Ginobili"
"2015","Marc Gasol"
"2015","Marcelo Huertas"
"2015","Marcin Gortat"
"2015","Marco Belinelli"
"2015","Marcus Morris"
"2015","Marcus Smart"
"2015","Marcus Thornton"
"2015","Mario Chalmers"
"2015","Mario Hezonja"
"2015","Markel Brown"
"2015","Markieff Morris"
"2015","Marreese Speights"
"2015","Marvin Williams"
"2015","Mason Plumlee"
"2015","Matt Barnes"
"2015","Matthew Dellavedova"
"2015","Maurice Harkless"
"2015","Metta World Peace"
"2015","Meyers Leonard"
"2015","Michael Carter-Williams"
"2015","Mike Conley"
"2015","Mike Miller"
"2015","Mike Muscala"
"2015","Mike Scott"
"2015","Miles Plumlee"
"2015","Mirza Teletovic"
"2015","Mitch McGary"
"2015","Mo Williams"
"2015","Monta Ellis"
"2015","Montrezl Harrell"
"2015","Myles Turner"
"2015","Nate Robinson"
"2015","Nemanja Bjelica"
"2015","Nene"
"2015","Nerlens Noel"
"2015","Nick Collison"
"2015","Nick Young"
"2015","Nicolas Batum"
"2015","Nik Stauskas"
"2015","Nikola Jokic"
"2015","Nikola Mirotic"
"2015","Nikola Vucevic"
"2015","Noah Vonleh"
"2015","Norman Powell"
"2015","Norris Cole"
"2015","O.J. Mayo"
"2015","Omer Asik"
"2015","Omri Casspi"
"2015","Otto Porter"
"2015","Pablo Prigioni"
"2015","Pat Connaughton"
"2015","Patrick Beverley"
"2015","Patrick Patterson"
"2015","Patty Mills"
"2015","Pau Gasol"
"2015","Paul George"
"2015","Paul Millsap"
"2015","Paul Pierce"
"2015","Phil Pressey"
"2015","PJ Hairston"
"2015","PJ Tucker"
"2015","Quincy Acy"
"2015","Rajon Rondo"
"2015","Ramon Sessions"
"2015","Randy Foye"
"2015","Rashad Vaughn"
"2015","Rasual Butler"
"2015","Raul Neto"
"2015","Ray McCallum"
"2015","Raymond Felton"
"2015","Reggie Bullock"
"2015","Reggie Jackson"
"2015","Richard Jefferson"
"2015","Richaun Holmes"
"2015","Ricky Rubio"
"2015","RJ Hunter"
"2015","Robert Covington"
"2015","Robert Sacre"
"2015","Robin Lopez"
"2015","Rodney Hood"
"2015","Rodney Stuckey"
"2015","Rondae Hollis-Jefferson"
"2015","Ronnie Price"
"2015","Roy Hibbert"
"2015","Rudy Gay"
"2015","Rudy Gobert"
"2015","Russ Smith"
"2015","Russell Westbrook"
"2015","Ryan Anderson"
"2015","Ryan Kelly"
"2015","Salah Mejri"
"2015","Sasha Vujacic"
"2015","Serge Ibaka"
"2015","Sergey Karasev"
"2015","Seth Curry"
"2015","Shabazz Muhammad"
"2015","Shabazz Napier"
"2015","Shane Larkin"
"2015","Shaun Livingston"
"2015","Shelvin Mack"
"2015","Solomon Hill"
"2015","Sonny Weems"
"2015","Spencer Dinwiddie"
"2015","Spencer Hawes"
"2015","Stanley Johnson"
"2015","Stephen Curry"
"2015","Steve Blake"
"2015","Steve Novak"
"2015","Steven Adams"
"2015","Taj Gibson"
"2015","Tarik Black"
"2015","Tayshaun Prince"
"2015","Terrence Jones"
"2015","Terrence Ross"
"2015","Terry Rozier"
"2015","Thabo Sefolosha"
"2015","Thaddeus Young"
"2015","Thomas Robinson"
"2015","Tiago Splitter"
"2015","Tibor Pleiss"
"2015","Tim Duncan"
"2015","Tim Frazier"
"2015","Tim Hardaway Jr."
"2015","Timofey Mozgov"
"2015","TJ McConnell"
"2015","TJ Warren"
"2015","Tobias Harris"
"2015","Toney Douglas"
"2015","Tony Allen"
"2015","Tony Parker"
"2015","Tony Snell"
"2015","Trevor Ariza"
"2015","Trevor Booker"
"2015","Trey Burke"
"2015","Trey Lyles"
"2015","Tristan Thompson"
"2015","Troy Daniels"
"2015","Ty Lawson"
"2015","Tyler Ennis"
"2015","Tyler Hansbrough"
"2015","Tyler Johnson"
"2015","Tyler Zeller"
"2015","Tyreke Evans"
"2015","Tyson Chandler"
"2015","Tyus Jones"
"2015","Udonis Haslem"
"2015","Victor Oladipo"
"2015","Vince Carter"
"2015","Wayne Ellington"
"2015","Wesley Johnson"
"2015","Wesley Matthews"
"2015","Will Barton"
"2015","Willie Cauley-Stein"
"2015","Zach LaVine"
"2015","Zach Randolph"
"2015","Zaza Pachulia"